,Marker,HelperT,CytotoxicT,Plasma,B,ActivatedCD8T,RegT-Nuc,APC,IL17-HelperT,IgG-Plasma,pSTAT3-Nuc,structure,OtherCD45,OtherT,Plasmablast,IL17CD45,Nucleus
0,CD138,0,0,1,0.0,0,0,0,0,1,0,1,0,0,1,0,0
1,CD20,0,0,0,1.0,0,0,0,0,0,0,0,0,0,1,0,0
2,CD3,1,1,0,0.0,1,0,0,1,0,0,0,0,1,0,0,0
3,CD45,1,1,1,1.0,1,0,1,1,1,0,0,1,1,1,1,0
4,CD4,1,0,0,0.0,0,0,0,1,0,0,0,0,0,0,0,0
5,CD8,0,1,0,0.0,1,0,0,0,0,0,0,0,0,0,0,0
6,Foxp3,0,0,0,0.0,0,1,0,0,0,0,0,0,0,0,0,0
7,GZMB,0,0,0,0.0,1,0,0,0,0,0,0,0,0,0,0,0
8,HLAII,0,0,0,1,0,0,1,0,0,0,0,0,0,0,0,0
9,IL-17,0,0,0,0.0,0,0,0,1,0,0,0,0,0,0,1,0
10,IgG,0,0,0,0.0,0,0,0,0,1,0,0,0,0,0,0,0
11,pSTAT3,0,0,0,0.0,0,0,0,0,0,1,0,0,0,0,0,0
12,DAPI,0,0,0,0.0,0,1,0,0,0,1,0,0,0,0,0,1
